{
  "id": "entice-with-dice-so-nice",
  "title": "Entice with Dice so Nice",
  "description": "Adds a bunch of dice textures to DsN.",
  "version": "0.1.0",
  "compatibility": {
    "minimum": 10,
    "verified": "10.120"
  },
  "authors": [
    {
      "name": "telmo-correa",
      "discord": "someusername6#5733"
    }
  ],
  "relationships": {
    "requires": [
      {
        "id": "dice-so-nice",
        "type": "module",
        "manifest": "https://raw.githubusercontent.com/ForgeVTT/fvtt-module-dlopen/master/module.json"
      }
    ]
  },
  "scripts": [
    "scripts/entice-with-dice-so-nice.js"
  ],
  "url": "https://github.com/telmo-correa/foundryvtt-entice-with-dice-so-nice",
  "manifest": "https://raw.githubusercontent.com/telmo-correa/foundryvtt-entice-with-dice-so-nice/main/entice-with-dice-so-nice/0.1.0/module.json",
  "download": "https://github.com/telmo-correa/foundryvtt-entice-with-dice-so-nice/raw/main/0.1.0/module.zip"
}
